CLASSIFICADOR,PRECISAO,REVOGACAO,F1,TREINAMENTO [s],TESTE [s] 
"AutoEncoder {'batch_size': 4, 'dropout': 0, 'epochs': 10, 'hidden_neurons': [8, 4, 4, 8]}",0.18301944793418323,0.18301944793418323,0.18301944793418323,0.38928699324209975,0.07798319285191158
"AutoEncoder {'batch_size': 8, 'dropout': 0, 'epochs': 10, 'hidden_neurons': [8, 4, 4, 8]}",0.18349289667754917,0.18349289667754917,0.18349289667754917,0.5719981361434722,0.017202623458740872
"AutoEncoder {'batch_size': 4, 'dropout': 0, 'epochs': 10, 'hidden_neurons': [4, 2, 2, 4]}",0.1835707458287111,0.1835707458287111,0.1835707458287111,0.77682847455999,0.0013170790680433909
"AutoEncoder {'batch_size': 4, 'dropout': 0.2, 'epochs': 10, 'hidden_neurons': [8, 4, 4, 8]}",0.18358568490953642,0.18358568490953642,0.18358568490953642,0.5974152842426871,0.04242672697571155
"AutoEncoder {'batch_size': 4, 'dropout': 0.2, 'epochs': 10, 'hidden_neurons': [4, 2, 2, 4]}",0.18384874784824104,0.18384874784824104,0.18384874784824104,0.6933774819337047,0.0012081718317795145
"AutoEncoder {'batch_size': 8, 'dropout': 0.2, 'epochs': 10, 'hidden_neurons': [8, 4, 4, 8]}",0.1840990386814938,0.1840990386814938,0.1840990386814938,0.8326419136789946,0.02622377670266637
"AutoEncoder {'batch_size': 8, 'dropout': 0.2, 'epochs': 10, 'hidden_neurons': [4, 2, 2, 4]}",0.18413809961873054,0.18413809961873054,0.18413809961873054,0.8255898206441343,0.0012577258559122214
"AutoEncoder {'batch_size': 8, 'dropout': 0, 'epochs': 10, 'hidden_neurons': [4, 2, 2, 4]}",0.18437000302290887,0.18437000302290887,0.18437000302290887,0.6957470975907926,0.001309535130180577
