CLASSIFICADOR,PRECISAO,REVOGACAO,F1,TREINAMENTO [s],TESTE [s] 
"AutoEncoder {'batch_size': 8, 'dropout': 0, 'epochs': 10, 'hidden_neurons': [16, 8, 8, 16]}",0.7511737089201878,0.7511737089201878,0.7511737089201878,1.5131559920422908,0.037899467866745355
"AutoEncoder {'batch_size': 8, 'dropout': 0.2, 'epochs': 10, 'hidden_neurons': [16, 8, 8, 16]}",0.7511737089201878,0.7511737089201878,0.7511737089201878,1.5038958267426827,0.03794899792738364
"AutoEncoder {'batch_size': 8, 'dropout': 0, 'epochs': 10, 'hidden_neurons': [8, 4, 4, 8]}",0.7509780907668232,0.7509780907668232,0.7509780907668232,1.6333654777544764,0.03819197947990167
"AutoEncoder {'batch_size': 8, 'dropout': 0.2, 'epochs': 10, 'hidden_neurons': [8, 4, 4, 8]}",0.7509780907668232,0.7509780907668232,0.7509780907668232,1.4757034856948494,0.037909595619344934
"AutoEncoder {'batch_size': 4, 'dropout': 0, 'epochs': 10, 'hidden_neurons': [16, 8, 8, 16]}",0.7498043818466354,0.7498043818466354,0.7498043818466354,1.5457239559558635,0.03776407073920881
"AutoEncoder {'batch_size': 4, 'dropout': 0, 'epochs': 10, 'hidden_neurons': [8, 4, 4, 8]}",0.7498043818466354,0.7498043818466354,0.7498043818466354,1.5945359703520654,0.03785927530745385
"AutoEncoder {'batch_size': 4, 'dropout': 0.2, 'epochs': 10, 'hidden_neurons': [16, 8, 8, 16]}",0.7498043818466354,0.7498043818466354,0.7498043818466354,1.5235739140443398,0.03802824971821386
"AutoEncoder {'batch_size': 4, 'dropout': 0.2, 'epochs': 10, 'hidden_neurons': [8, 4, 4, 8]}",0.7496087636932707,0.7496087636932707,0.7496087636932707,1.6141491182533227,0.038025106062911485
