CLASSIFICADOR,F1,PRECISAO,REVOGACAO,TESTE [s] ,TREINAMENTO [s]
Local Outlier Factor,0.8819444444444446,0.8819444444444446,0.8819444444444446,0.0020510421858893502,0.0018410550223456488
Floresta de Isolamento,0.7430555555555556,0.7430555555555556,0.7430555555555556,0.1264863544040256,0.48776331212785506
Envelope Eliptico,0.6643518518518517,0.6643518518518517,0.6643518518518517,0.0016727315054999457,0.05154891808827718
One Class SVM,0.5671296296296297,0.5671296296296297,0.5671296296296297,0.0012834469477335613,0.001717898580763075
Dummy,0.5,0.5,0.5,0.00019197331534491645,0.00027259190877278644
AutoEncoder,0.43981481481481477,0.43981481481481477,0.43981481481481477,0.0089746978547838,4.241497106022305
