CLASSIFICADOR,F1,PRECISAO,REVOGACAO,TESTE [s] ,TREINAMENTO [s]
Dummy,0.0,0.0,0.0,0.0003965496073929715,0.0004606410686219507
Local Outlier Factor,0.1265773494620005,0.1265773494620005,0.1265773494620005,0.0007713902285665325,0.0006396450676482725
AutoEncoder,0.1374528939672233,0.1374528939672233,0.1374528939672233,0.00271354191871585,0.8454675508802774
Envelope Eliptico,0.15746769775970718,0.15746769775970718,0.15746769775970718,0.0005916219305442146,0.011521159270387625
One Class SVM,0.16283627531148956,0.16283627531148956,0.16283627531148956,0.0006559878500073497,0.0006314123255942868
Floresta de Isolamento,0.1796988221070652,0.1796988221070652,0.1796988221070652,0.028919847815435027,0.09815699750598592
